image_id,dice_score
BraTS2021_00196,tensor(94.8600)
BraTS2021_00028,tensor(83.9010)
BraTS2021_00677,tensor(96.0543)
BraTS2021_00496,tensor(79.8363)
BraTS2021_00692,tensor(96.9174)
BraTS2021_01223,tensor(92.5622)
BraTS2021_00391,tensor(93.9420)
BraTS2021_01384,tensor(98.4621)
BraTS2021_00162,tensor(90.5072)
BraTS2021_00379,tensor(94.0538)
BraTS2021_00239,tensor(94.6969)
BraTS2021_00102,tensor(56.3887)
BraTS2021_00622,tensor(95.2919)
BraTS2021_01113,tensor(93.6481)
BraTS2021_00768,tensor(91.3512)
BraTS2021_01198,tensor(92.6814)
BraTS2021_00684,tensor(63.2682)
BraTS2021_01163,tensor(92.3722)
BraTS2021_01393,tensor(99.0686)
BraTS2021_01047,tensor(94.3217)
BraTS2021_01622,tensor(62.2724)
BraTS2021_00703,tensor(96.9142)
BraTS2021_00659,tensor(95.4449)
BraTS2021_00519,tensor(95.5818)
BraTS2021_01457,tensor(87.8280)
BraTS2021_00511,tensor(97.7878)
BraTS2021_00157,tensor(92.2419)
BraTS2021_00044,tensor(90.9755)
BraTS2021_00423,tensor(95.4201)
BraTS2021_00682,tensor(96.3966)
BraTS2021_01271,tensor(78.4186)
BraTS2021_00773,tensor(95.4745)
BraTS2021_01172,tensor(91.1615)
BraTS2021_01252,tensor(61.1370)
BraTS2021_00507,tensor(95.0868)
BraTS2021_01291,tensor(93.0523)
BraTS2021_01013,tensor(92.3300)
BraTS2021_00739,tensor(95.4761)
BraTS2021_00178,tensor(97.7779)
BraTS2021_01482,tensor(55.1749)
BraTS2021_00831,tensor(85.0504)
BraTS2021_01038,tensor(96.5915)
BraTS2021_01585,tensor(96.0588)
BraTS2021_01546,tensor(95.9931)
BraTS2021_01634,tensor(97.3422)
BraTS2021_01192,tensor(90.0312)
BraTS2021_00729,tensor(92.5774)
BraTS2021_01140,tensor(94.6341)
BraTS2021_01429,tensor(86.9262)
BraTS2021_01504,tensor(96.3628)
BraTS2021_01339,tensor(98.8033)
BraTS2021_00448,tensor(97.6123)
BraTS2021_01658,tensor(94.9744)
BraTS2021_00554,tensor(98.0176)
BraTS2021_01200,tensor(93.9304)
BraTS2021_01059,tensor(88.0784)
BraTS2021_01580,tensor(84.0294)
BraTS2021_00410,tensor(86.7618)
BraTS2021_01189,tensor(94.6410)
BraTS2021_00336,tensor(98.8830)
BraTS2021_01406,tensor(97.5430)
BraTS2021_01525,tensor(82.4015)
BraTS2021_00288,tensor(96.8903)
BraTS2021_00590,tensor(86.9298)
BraTS2021_01351,tensor(92.4376)
BraTS2021_01574,tensor(93.6530)
BraTS2021_01020,tensor(97.7627)
BraTS2021_01262,tensor(90.9567)
BraTS2021_01137,tensor(86.1862)
BraTS2021_00575,tensor(97.2236)
BraTS2021_01036,tensor(89.4639)
BraTS2021_01053,tensor(85.9273)
BraTS2021_00516,tensor(92.8656)
BraTS2021_00452,tensor(97.9880)
BraTS2021_01500,tensor(92.2708)
BraTS2021_01659,tensor(95.3733)
BraTS2021_00373,tensor(70.7025)
BraTS2021_01648,tensor(98.1373)
BraTS2021_00528,tensor(86.9993)
BraTS2021_01502,tensor(79.3980)
BraTS2021_01578,tensor(92.0051)
BraTS2021_01016,tensor(94.6609)
BraTS2021_00111,tensor(88.6500)
BraTS2021_00332,tensor(86.6345)
BraTS2021_01359,tensor(94.6384)
BraTS2021_01565,tensor(97.3126)
BraTS2021_00097,tensor(93.9316)
BraTS2021_00468,tensor(89.0521)
BraTS2021_01560,tensor(97.7939)
BraTS2021_01236,tensor(95.1599)
BraTS2021_01414,tensor(93.2598)
BraTS2021_00680,tensor(91.7514)
BraTS2021_01029,tensor(90.5770)
BraTS2021_01074,tensor(95.6132)
BraTS2021_00070,tensor(97.9927)
BraTS2021_00176,tensor(96.7301)
BraTS2021_01119,tensor(88.5803)
BraTS2021_01643,tensor(95.8194)
BraTS2021_01145,tensor(87.8144)
BraTS2021_00107,tensor(85.2743)
BraTS2021_01258,tensor(95.3152)
BraTS2021_00834,tensor(93.5256)
BraTS2021_01337,tensor(97.8401)
BraTS2021_01475,tensor(95.6229)
BraTS2021_01362,tensor(95.9625)
BraTS2021_01645,tensor(88.3935)
BraTS2021_00548,tensor(96.3360)
BraTS2021_00414,tensor(93.7199)
BraTS2021_01152,tensor(92.2226)
BraTS2021_00731,tensor(59.0868)
BraTS2021_00774,tensor(96.1320)
BraTS2021_00495,tensor(97.3996)
BraTS2021_01310,tensor(91.4530)
BraTS2021_00150,tensor(83.7990)
BraTS2021_00269,tensor(96.0904)
BraTS2021_01493,tensor(86.7452)
BraTS2021_00440,tensor(96.6287)
BraTS2021_01356,tensor(97.6259)
BraTS2021_01389,tensor(96.3236)
BraTS2021_00113,tensor(70.7612)
BraTS2021_00449,tensor(94.7604)
BraTS2021_00085,tensor(74.4555)
BraTS2021_00735,tensor(62.5009)
BraTS2021_01552,tensor(97.4277)
BraTS2021_00344,tensor(92.7433)
BraTS2021_01157,tensor(95.8492)
BraTS2021_00112,tensor(66.7717)
BraTS2021_01492,tensor(82.8730)
BraTS2021_01263,tensor(89.1969)
BraTS2021_00110,tensor(65.4728)
BraTS2021_01031,tensor(90.3684)
BraTS2021_01527,tensor(97.0471)
BraTS2021_00576,tensor(75.3603)
BraTS2021_01533,tensor(80.0856)
BraTS2021_01440,tensor(83.2957)
BraTS2021_01665,tensor(66.9831)
BraTS2021_00377,tensor(86.4128)
BraTS2021_00068,tensor(95.7348)
BraTS2021_01633,tensor(95.8116)
BraTS2021_01316,tensor(91.4933)
BraTS2021_01434,tensor(81.0517)
BraTS2021_01239,tensor(92.0387)
BraTS2021_00469,tensor(95.6291)
BraTS2021_01173,tensor(93.8999)
BraTS2021_00098,tensor(86.4586)
BraTS2021_00000,tensor(97.2153)
BraTS2021_01535,tensor(93.4562)
BraTS2021_00429,tensor(94.7328)
BraTS2021_01264,tensor(95.1372)
BraTS2021_01185,tensor(94.7846)
BraTS2021_01311,tensor(94.4415)
BraTS2021_00209,tensor(95.3966)
BraTS2021_00513,tensor(93.8835)
BraTS2021_01147,tensor(81.3693)
BraTS2021_00043,tensor(96.5939)
BraTS2021_01336,tensor(96.6600)
BraTS2021_00778,tensor(93.6142)
BraTS2021_00693,tensor(93.6554)
BraTS2021_00270,tensor(61.6166)
BraTS2021_00103,tensor(95.5399)
BraTS2021_01505,tensor(86.8995)
BraTS2021_01558,tensor(64.3117)
BraTS2021_01342,tensor(92.1771)
BraTS2021_01480,tensor(73.0126)
BraTS2021_01051,tensor(83.9980)
BraTS2021_01295,tensor(92.2363)
BraTS2021_01612,tensor(96.8478)
BraTS2021_00192,tensor(95.9300)
BraTS2021_01219,tensor(63.5947)
BraTS2021_01274,tensor(80.3755)
BraTS2021_01466,tensor(95.4917)
BraTS2021_01599,tensor(95.4580)
BraTS2021_01544,tensor(85.1058)
BraTS2021_00594,tensor(96.6671)
BraTS2021_01117,tensor(96.0120)
BraTS2021_01490,tensor(95.4148)
BraTS2021_01284,tensor(93.8346)
BraTS2021_01398,tensor(96.9692)
BraTS2021_00747,tensor(97.3652)
BraTS2021_01071,tensor(90.7216)
BraTS2021_00222,tensor(88.6355)
BraTS2021_00096,tensor(94.5844)
BraTS2021_01243,tensor(90.9486)
BraTS2021_00823,tensor(96.0764)
BraTS2021_00392,tensor(96.0320)
BraTS2021_00581,tensor(96.0338)
BraTS2021_00580,tensor(95.2020)
BraTS2021_01522,tensor(87.1855)
BraTS2021_01404,tensor(96.5602)
BraTS2021_01608,tensor(98.1858)
BraTS2021_01216,tensor(74.6582)
BraTS2021_01402,tensor(97.3673)
BraTS2021_01197,tensor(96.2029)
BraTS2021_01018,tensor(98.4563)
BraTS2021_01228,tensor(88.5527)
BraTS2021_00631,tensor(98.8626)
BraTS2021_00704,tensor(98.7640)
BraTS2021_00144,tensor(96.1581)
BraTS2021_01334,tensor(93.9079)
BraTS2021_01553,tensor(94.7503)
BraTS2021_01423,tensor(47.5818)
BraTS2021_01056,tensor(93.5111)
BraTS2021_01249,tensor(92.3607)
BraTS2021_01573,tensor(90.2129)
BraTS2021_00008,tensor(91.6579)
BraTS2021_00464,tensor(87.3295)
BraTS2021_01240,tensor(77.1977)
BraTS2021_00816,tensor(96.8412)
BraTS2021_00459,tensor(65.4166)
BraTS2021_00767,tensor(97.7865)
BraTS2021_00803,tensor(83.7774)
BraTS2021_00356,tensor(98.6422)
BraTS2021_00796,tensor(96.7751)
BraTS2021_00616,tensor(98.5243)
BraTS2021_01326,tensor(96.9578)
BraTS2021_01474,tensor(80.4412)
BraTS2021_00172,tensor(93.6876)
BraTS2021_00051,tensor(95.4505)
BraTS2021_00556,tensor(92.6861)
BraTS2021_00789,tensor(98.3435)
BraTS2021_00406,tensor(97.9684)
BraTS2021_01517,tensor(88.0117)
BraTS2021_01079,tensor(97.9235)
BraTS2021_01451,tensor(75.1146)
BraTS2021_00133,tensor(94.1358)
BraTS2021_00403,tensor(87.7963)
BraTS2021_00033,tensor(65.5838)
BraTS2021_00652,tensor(95.7823)
BraTS2021_01255,tensor(61.0950)
BraTS2021_00311,tensor(97.7445)
BraTS2021_00126,tensor(97.0814)
BraTS2021_00109,tensor(91.1722)
BraTS2021_00807,tensor(93.8495)
BraTS2021_01518,tensor(94.9452)
BraTS2021_01467,tensor(81.9443)
BraTS2021_01465,tensor(94.4056)
BraTS2021_01256,tensor(97.2583)
BraTS2021_01540,tensor(89.0460)
BraTS2021_00646,tensor(97.4371)
BraTS2021_01411,tensor(95.1898)
BraTS2021_00290,tensor(90.8077)
BraTS2021_00237,tensor(98.1948)
BraTS2021_01624,tensor(62.3097)
BraTS2021_01437,tensor(91.7480)
BraTS2021_01177,tensor(92.2480)
BraTS2021_00147,tensor(88.1020)
BraTS2021_01066,tensor(97.1392)
BraTS2021_01638,tensor(97.5971)
BraTS2021_01329,tensor(85.5732)
BraTS2021_01570,tensor(97.8500)
BraTS2021_01388,tensor(98.1791)
BraTS2021_00286,tensor(94.0414)
BraTS2021_01572,tensor(94.8593)
BraTS2021_00351,tensor(97.7954)
BraTS2021_01491,tensor(85.2458)
BraTS2021_00094,tensor(97.1486)
BraTS2021_00234,tensor(95.0602)
BraTS2021_00142,tensor(90.4102)
BraTS2021_01070,tensor(95.6278)
BraTS2021_01281,tensor(94.0698)
BraTS2021_00087,tensor(94.8238)
BraTS2021_00154,tensor(91.4090)
BraTS2021_00494,tensor(89.7132)
BraTS2021_01630,tensor(95.6367)
BraTS2021_01543,tensor(92.0598)
BraTS2021_00233,tensor(95.9880)
BraTS2021_01245,tensor(89.0851)
BraTS2021_00231,tensor(95.0431)
BraTS2021_00088,tensor(96.9117)
BraTS2021_00383,tensor(96.2171)
BraTS2021_01514,tensor(89.3533)
BraTS2021_01387,tensor(91.7253)
BraTS2021_01313,tensor(92.6782)
BraTS2021_01632,tensor(96.3007)
BraTS2021_01168,tensor(92.1962)
BraTS2021_00263,tensor(96.1995)
BraTS2021_00285,tensor(82.0334)
BraTS2021_00045,tensor(95.3387)
BraTS2021_00247,tensor(93.4055)
BraTS2021_01092,tensor(98.8232)
BraTS2021_01417,tensor(88.9483)
BraTS2021_00298,tensor(97.3602)
BraTS2021_01188,tensor(85.4241)
BraTS2021_01008,tensor(93.8918)
BraTS2021_01333,tensor(49.5974)
BraTS2021_00074,tensor(90.9081)
BraTS2021_01503,tensor(82.5819)
BraTS2021_01617,tensor(96.6111)
BraTS2021_00782,tensor(97.0041)
BraTS2021_00733,tensor(97.0782)
BraTS2021_01609,tensor(95.9664)
BraTS2021_00006,tensor(98.4964)
BraTS2021_01175,tensor(94.8084)
BraTS2021_00347,tensor(97.4655)
BraTS2021_01361,tensor(96.6928)
BraTS2021_00346,tensor(95.2287)
BraTS2021_01629,tensor(91.7683)
BraTS2021_01215,tensor(74.8265)
BraTS2021_01435,tensor(93.2650)
BraTS2021_00246,tensor(97.6149)
BraTS2021_01587,tensor(97.8571)
BraTS2021_01369,tensor(92.7238)
BraTS2021_00418,tensor(94.7139)
BraTS2021_00212,tensor(83.3493)
BraTS2021_01586,tensor(94.1319)
BraTS2021_00454,tensor(94.0939)
BraTS2021_01121,tensor(98.2543)
BraTS2021_00443,tensor(92.0181)
BraTS2021_00303,tensor(94.9663)
BraTS2021_00201,tensor(98.2714)
BraTS2021_00630,tensor(94.8181)
BraTS2021_01065,tensor(97.0108)
BraTS2021_01468,tensor(85.0319)
BraTS2021_00284,tensor(60.0218)
BraTS2021_01077,tensor(58.6691)
BraTS2021_00146,tensor(92.3730)
BraTS2021_01068,tensor(94.2962)
BraTS2021_01025,tensor(91.4742)
BraTS2021_00404,tensor(93.0600)
BraTS2021_00577,tensor(92.6664)
BraTS2021_00317,tensor(94.6078)
BraTS2021_01575,tensor(87.8693)
BraTS2021_01408,tensor(95.6589)
BraTS2021_01635,tensor(91.6897)
BraTS2021_00530,tensor(95.3273)
BraTS2021_00052,tensor(96.3521)
BraTS2021_00262,tensor(81.6698)
BraTS2021_00705,tensor(91.9170)
BraTS2021_00071,tensor(96.4264)
BraTS2021_00480,tensor(97.3877)
BraTS2021_01529,tensor(82.2657)
BraTS2021_00301,tensor(98.6358)
BraTS2021_01088,tensor(85.4923)
BraTS2021_01537,tensor(97.1821)
BraTS2021_00781,tensor(97.3064)
BraTS2021_01259,tensor(92.3432)
BraTS2021_00506,tensor(98.4994)
BraTS2021_01641,tensor(96.4151)
BraTS2021_01193,tensor(92.2844)
BraTS2021_00586,tensor(96.6489)
BraTS2021_01399,tensor(93.7890)
BraTS2021_01551,tensor(63.8687)
BraTS2021_00596,tensor(98.6664)
BraTS2021_00591,tensor(96.7228)
BraTS2021_01619,tensor(96.9211)
BraTS2021_00283,tensor(98.1372)
BraTS2021_01412,tensor(69.5875)
BraTS2021_01139,tensor(91.0597)
BraTS2021_01226,tensor(86.9276)
BraTS2021_01432,tensor(91.2861)
BraTS2021_01601,tensor(97.1329)
BraTS2021_01052,tensor(97.9051)
BraTS2021_00281,tensor(98.5247)
BraTS2021_01234,tensor(87.5910)
BraTS2021_01330,tensor(93.1185)
BraTS2021_01303,tensor(97.3499)
BraTS2021_00203,tensor(97.0019)
BraTS2021_01554,tensor(98.9438)
BraTS2021_00814,tensor(92.1516)
BraTS2021_01646,tensor(60.6974)
BraTS2021_00610,tensor(94.8532)
BraTS2021_01237,tensor(82.6955)
BraTS2021_01182,tensor(62.1911)
BraTS2021_01283,tensor(88.4593)
BraTS2021_00667,tensor(98.8951)
BraTS2021_00143,tensor(89.8773)
BraTS2021_01481,tensor(70.9533)
BraTS2021_01582,tensor(95.8777)
BraTS2021_00657,tensor(98.3207)
BraTS2021_00183,tensor(98.4376)
BraTS2021_00654,tensor(93.6814)
BraTS2021_00089,tensor(94.4751)
BraTS2021_00808,tensor(91.0840)
BraTS2021_00211,tensor(98.4617)
BraTS2021_01040,tensor(94.7274)
BraTS2021_00061,tensor(88.5890)
BraTS2021_01296,tensor(94.1661)
BraTS2021_01656,tensor(58.9430)
BraTS2021_00663,tensor(98.4028)
BraTS2021_01208,tensor(69.3521)
BraTS2021_01174,tensor(94.6412)
BraTS2021_00709,tensor(94.8952)
BraTS2021_01105,tensor(97.4446)
BraTS2021_01060,tensor(98.0660)
BraTS2021_01069,tensor(97.3705)
BraTS2021_01541,tensor(94.3058)
BraTS2021_01539,tensor(96.5299)
BraTS2021_01162,tensor(90.4059)
BraTS2021_00105,tensor(89.6054)
BraTS2021_00809,tensor(97.0536)
BraTS2021_00160,tensor(79.1636)
BraTS2021_00557,tensor(97.7418)
BraTS2021_00805,tensor(92.8421)
BraTS2021_00030,tensor(96.8490)
BraTS2021_01564,tensor(98.1447)
BraTS2021_00688,tensor(96.5858)
BraTS2021_01325,tensor(84.7391)
BraTS2021_01391,tensor(89.4948)
BraTS2021_01446,tensor(90.2223)
BraTS2021_01403,tensor(96.7821)
BraTS2021_01102,tensor(97.2610)
BraTS2021_01107,tensor(90.9282)
BraTS2021_00485,tensor(60.7496)
BraTS2021_00081,tensor(86.7009)
BraTS2021_01278,tensor(82.8238)
BraTS2021_00282,tensor(95.0748)
BraTS2021_01602,tensor(96.1772)
BraTS2021_00193,tensor(94.1042)
BraTS2021_00820,tensor(95.3555)
BraTS2021_01225,tensor(92.8169)
BraTS2021_01319,tensor(97.7597)
BraTS2021_00500,tensor(91.1736)
BraTS2021_00139,tensor(82.5251)
BraTS2021_01653,tensor(96.4431)
BraTS2021_01058,tensor(96.6558)
BraTS2021_01090,tensor(94.5981)
BraTS2021_01425,tensor(84.1441)
BraTS2021_00400,tensor(96.9441)
BraTS2021_01041,tensor(95.8280)
BraTS2021_00689,tensor(98.2112)
BraTS2021_00327,tensor(82.5862)
BraTS2021_01275,tensor(95.1172)
BraTS2021_01093,tensor(96.9062)
BraTS2021_00582,tensor(71.5509)
BraTS2021_01082,tensor(97.4497)
BraTS2021_00191,tensor(97.7536)
BraTS2021_01644,tensor(64.0308)
BraTS2021_01104,tensor(87.2343)
BraTS2021_00058,tensor(84.4860)
BraTS2021_00636,tensor(96.8175)
BraTS2021_01620,tensor(48.6638)
BraTS2021_00675,tensor(92.4042)
BraTS2021_01050,tensor(77.9095)
BraTS2021_01109,tensor(98.1462)
BraTS2021_00750,tensor(98.0300)
BraTS2021_01087,tensor(94.8499)
BraTS2021_01495,tensor(84.8824)
BraTS2021_01421,tensor(92.1348)
BraTS2021_00533,tensor(95.3631)
BraTS2021_00186,tensor(85.8481)
BraTS2021_01132,tensor(96.9744)
BraTS2021_01477,tensor(91.6241)
BraTS2021_00561,tensor(95.7831)
BraTS2021_01611,tensor(94.5671)
BraTS2021_00545,tensor(96.9483)
BraTS2021_00668,tensor(64.5371)
BraTS2021_00291,tensor(95.4390)
BraTS2021_01379,tensor(90.2544)
BraTS2021_01603,tensor(92.8717)
BraTS2021_01424,tensor(92.9587)
BraTS2021_01550,tensor(92.2402)
BraTS2021_01545,tensor(91.3736)
BraTS2021_00514,tensor(84.6896)
BraTS2021_00380,tensor(59.2059)
BraTS2021_01159,tensor(98.2963)
BraTS2021_01039,tensor(89.4670)
BraTS2021_00608,tensor(96.6343)
BraTS2021_00120,tensor(91.4647)
BraTS2021_01138,tensor(92.3133)
BraTS2021_00054,tensor(92.5936)
BraTS2021_01427,tensor(92.0211)
BraTS2021_00077,tensor(97.1518)
BraTS2021_00615,tensor(86.8920)
BraTS2021_01483,tensor(78.1609)
BraTS2021_01064,tensor(80.5799)
BraTS2021_00518,tensor(94.3557)
BraTS2021_01358,tensor(97.7678)
BraTS2021_00470,tensor(94.1944)
BraTS2021_01455,tensor(93.7972)
BraTS2021_01024,tensor(94.1188)
BraTS2021_00828,tensor(86.7985)
BraTS2021_00297,tensor(96.2474)
BraTS2021_00621,tensor(58.3615)
BraTS2021_01400,tensor(96.5306)
BraTS2021_01151,tensor(75.6780)
BraTS2021_01589,tensor(94.6569)
BraTS2021_01246,tensor(90.0074)
BraTS2021_00259,tensor(97.9955)
BraTS2021_00532,tensor(90.5155)
BraTS2021_01449,tensor(90.7827)
BraTS2021_00072,tensor(96.1686)
BraTS2021_00166,tensor(98.2339)
BraTS2021_00251,tensor(97.6447)
BraTS2021_00602,tensor(94.4013)
BraTS2021_00707,tensor(94.2978)
BraTS2021_00520,tensor(94.9647)
BraTS2021_01561,tensor(95.6769)
BraTS2021_01027,tensor(90.5512)
BraTS2021_00624,tensor(94.8902)
BraTS2021_01368,tensor(96.1845)
BraTS2021_01499,tensor(91.2249)
BraTS2021_00724,tensor(98.0804)
BraTS2021_01270,tensor(95.6005)
BraTS2021_00128,tensor(90.7583)
BraTS2021_00572,tensor(64.0310)
BraTS2021_00757,tensor(92.9529)
BraTS2021_01530,tensor(82.3957)
BraTS2021_00320,tensor(81.2529)
BraTS2021_00123,tensor(95.2090)
BraTS2021_00019,tensor(93.8887)
BraTS2021_01531,tensor(87.6017)
BraTS2021_00597,tensor(63.4476)
BraTS2021_01298,tensor(92.2893)
BraTS2021_00134,tensor(94.7828)
BraTS2021_01238,tensor(91.5041)
BraTS2021_01445,tensor(93.5602)
BraTS2021_00266,tensor(97.4958)
BraTS2021_01347,tensor(88.8075)
BraTS2021_00158,tensor(91.6395)
BraTS2021_01272,tensor(92.7199)
BraTS2021_01156,tensor(97.3568)
BraTS2021_01661,tensor(87.9137)
BraTS2021_00031,tensor(94.1683)
BraTS2021_01328,tensor(94.6849)
BraTS2021_01265,tensor(93.4736)
BraTS2021_01498,tensor(83.9624)
BraTS2021_00512,tensor(83.9055)
BraTS2021_00148,tensor(63.5269)
BraTS2021_00025,tensor(77.9249)
BraTS2021_01232,tensor(69.9793)
BraTS2021_01484,tensor(94.0787)
BraTS2021_00238,tensor(95.6663)
BraTS2021_01512,tensor(93.4470)
BraTS2021_01516,tensor(77.7418)
BraTS2021_01160,tensor(97.4636)
BraTS2021_00002,tensor(92.4572)
BraTS2021_00601,tensor(90.7062)
BraTS2021_00453,tensor(96.2112)
BraTS2021_00579,tensor(95.6817)
BraTS2021_01373,tensor(96.6186)
BraTS2021_00325,tensor(92.4351)
BraTS2021_00132,tensor(89.4259)
BraTS2021_01576,tensor(94.8742)
BraTS2021_00022,tensor(95.7080)
BraTS2021_01443,tensor(93.7671)
BraTS2021_01231,tensor(92.1730)
BraTS2021_01532,tensor(93.1868)
BraTS2021_01370,tensor(70.3977)
BraTS2021_00505,tensor(96.1156)
BraTS2021_00253,tensor(97.1822)
BraTS2021_00840,tensor(83.2464)
BraTS2021_01355,tensor(97.0421)
BraTS2021_00261,tensor(98.1207)
BraTS2021_01122,tensor(97.7558)
BraTS2021_01149,tensor(82.0553)
BraTS2021_00167,tensor(91.1774)
BraTS2021_00607,tensor(87.2268)
BraTS2021_00538,tensor(85.6001)
BraTS2021_00611,tensor(89.7634)
BraTS2021_00641,tensor(97.2060)
BraTS2021_01030,tensor(95.4712)
BraTS2021_01007,tensor(90.6009)
BraTS2021_01519,tensor(64.4910)
BraTS2021_00578,tensor(97.8866)
BraTS2021_01179,tensor(59.4565)
BraTS2021_00343,tensor(93.2599)
BraTS2021_00116,tensor(82.5346)
BraTS2021_00764,tensor(91.1788)
BraTS2021_01028,tensor(94.8737)
BraTS2021_01048,tensor(94.6339)
BraTS2021_01410,tensor(99.1287)
BraTS2021_01335,tensor(95.6282)
BraTS2021_01315,tensor(97.6958)
BraTS2021_01571,tensor(75.6051)
BraTS2021_01142,tensor(90.9697)
BraTS2021_01187,tensor(88.5866)
BraTS2021_00194,tensor(98.3465)
BraTS2021_00589,tensor(96.0657)
BraTS2021_01595,tensor(97.5200)
BraTS2021_00214,tensor(97.0996)
BraTS2021_01458,tensor(93.4309)
BraTS2021_01204,tensor(68.2837)
BraTS2021_01579,tensor(95.1449)
BraTS2021_01131,tensor(98.7744)
BraTS2021_00108,tensor(63.9546)
BraTS2021_00529,tensor(92.3898)
BraTS2021_01000,tensor(99.0572)
BraTS2021_00009,tensor(94.4543)
BraTS2021_01227,tensor(96.0915)
BraTS2021_01664,tensor(90.6789)
BraTS2021_01592,tensor(93.1326)
BraTS2021_01568,tensor(79.4393)
BraTS2021_00258,tensor(58.0252)
BraTS2021_00405,tensor(92.5833)
BraTS2021_01623,tensor(68.6183)
BraTS2021_01034,tensor(61.1956)
BraTS2021_01176,tensor(95.2821)
BraTS2021_01003,tensor(92.6951)
BraTS2021_01043,tensor(98.2561)
BraTS2021_01261,tensor(92.0103)
BraTS2021_01103,tensor(91.2660)
BraTS2021_01375,tensor(82.3395)
BraTS2021_01353,tensor(97.3316)
BraTS2021_01559,tensor(62.1312)
BraTS2021_00236,tensor(97.1401)
BraTS2021_00524,tensor(96.3788)
BraTS2021_01257,tensor(79.9191)
BraTS2021_01447,tensor(87.8364)
BraTS2021_01430,tensor(84.5753)
BraTS2021_00409,tensor(96.7374)
BraTS2021_01055,tensor(97.1362)
BraTS2021_01098,tensor(92.0167)
BraTS2021_01642,tensor(96.8339)
BraTS2021_01636,tensor(84.2955)
BraTS2021_00240,tensor(91.3049)
BraTS2021_00367,tensor(84.8180)
BraTS2021_00725,tensor(89.6308)
BraTS2021_00714,tensor(97.6875)
BraTS2021_01650,tensor(89.3036)
BraTS2021_01125,tensor(96.5106)
BraTS2021_01594,tensor(61.8218)
BraTS2021_01073,tensor(97.1111)
BraTS2021_01190,tensor(91.1041)
BraTS2021_00442,tensor(96.6723)
BraTS2021_00230,tensor(96.1240)
BraTS2021_01534,tensor(87.3462)
BraTS2021_01600,tensor(92.7718)
BraTS2021_00818,tensor(97.4441)
BraTS2021_01067,tensor(95.2044)
BraTS2021_01453,tensor(80.8639)
BraTS2021_00011,tensor(69.3660)
BraTS2021_01084,tensor(95.1390)
BraTS2021_01317,tensor(98.5998)
BraTS2021_01605,tensor(67.2816)
BraTS2021_01433,tensor(88.2444)
BraTS2021_00504,tensor(75.9429)
BraTS2021_00737,tensor(95.9347)
BraTS2021_01338,tensor(98.0589)
BraTS2021_01343,tensor(98.1889)
BraTS2021_00742,tensor(94.7160)
BraTS2021_00292,tensor(85.2768)
BraTS2021_01444,tensor(92.8472)
BraTS2021_01348,tensor(87.8364)
BraTS2021_01394,tensor(92.5473)
BraTS2021_01376,tensor(98.1770)
BraTS2021_01220,tensor(96.3809)
BraTS2021_01312,tensor(97.5053)
BraTS2021_00106,tensor(91.9817)
BraTS2021_01244,tensor(91.2316)
BraTS2021_00243,tensor(65.0865)
BraTS2021_00294,tensor(97.6312)
BraTS2021_00017,tensor(75.2819)
BraTS2021_01134,tensor(98.8134)
BraTS2021_00457,tensor(96.2010)
BraTS2021_00118,tensor(97.4442)
BraTS2021_01640,tensor(84.6261)
BraTS2021_01032,tensor(90.6765)
BraTS2021_00477,tensor(95.9782)
BraTS2021_00441,tensor(89.4978)
BraTS2021_00316,tensor(96.8841)
BraTS2021_01459,tensor(84.0101)
BraTS2021_01241,tensor(92.2947)
BraTS2021_00218,tensor(62.6663)
BraTS2021_01436,tensor(95.4725)
BraTS2021_00003,tensor(98.5545)
BraTS2021_00056,tensor(92.5595)
BraTS2021_01536,tensor(84.0687)
BraTS2021_00734,tensor(94.3015)
BraTS2021_01195,tensor(96.2140)
BraTS2021_00574,tensor(95.4820)
BraTS2021_00478,tensor(96.0968)
BraTS2021_01584,tensor(95.8216)
BraTS2021_01422,tensor(86.7377)
BraTS2021_01282,tensor(92.2153)
BraTS2021_00605,tensor(97.6185)
BraTS2021_00338,tensor(64.5999)
BraTS2021_00645,tensor(93.5617)
BraTS2021_01615,tensor(59.2884)
BraTS2021_00185,tensor(86.5460)
BraTS2021_00649,tensor(98.1203)
BraTS2021_00334,tensor(96.1704)
BraTS2021_01153,tensor(97.2196)
BraTS2021_00708,tensor(94.5603)
BraTS2021_00014,tensor(62.3109)
BraTS2021_00309,tensor(96.4693)
BraTS2021_00479,tensor(96.6931)
BraTS2021_01061,tensor(98.1852)
BraTS2021_00804,tensor(98.5123)
BraTS2021_01557,tensor(91.8692)
BraTS2021_00390,tensor(66.6740)
BraTS2021_00430,tensor(97.0596)
BraTS2021_01567,tensor(95.9320)
BraTS2021_01235,tensor(89.7855)
BraTS2021_01321,tensor(97.0050)
BraTS2021_01124,tensor(98.3944)
BraTS2021_01577,tensor(97.4892)
BraTS2021_01044,tensor(91.4126)
BraTS2021_00339,tensor(92.0721)
BraTS2021_00115,tensor(95.9818)
BraTS2021_00062,tensor(94.0627)
BraTS2021_00690,tensor(95.5619)
BraTS2021_01143,tensor(88.6210)
BraTS2021_00819,tensor(97.6052)
BraTS2021_00547,tensor(91.1398)
BraTS2021_01323,tensor(91.6056)
BraTS2021_01613,tensor(75.3867)
BraTS2021_00397,tensor(98.0856)
BraTS2021_01413,tensor(67.8840)
BraTS2021_00273,tensor(97.2747)
BraTS2021_01520,tensor(90.5054)
BraTS2021_00732,tensor(88.3384)
BraTS2021_01022,tensor(97.9258)
BraTS2021_01260,tensor(92.1501)
BraTS2021_01164,tensor(98.2187)
BraTS2021_00626,tensor(96.5240)
BraTS2021_00305,tensor(96.2986)
BraTS2021_01415,tensor(92.9950)
BraTS2021_01496,tensor(91.6478)
BraTS2021_01420,tensor(68.0027)
BraTS2021_01017,tensor(95.9707)
BraTS2021_00159,tensor(96.9215)
BraTS2021_00059,tensor(97.3952)
BraTS2021_01210,tensor(82.8902)
BraTS2021_01666,tensor(89.2415)
BraTS2021_00216,tensor(98.6500)
BraTS2021_01218,tensor(86.6771)
BraTS2021_00101,tensor(95.5961)
BraTS2021_01290,tensor(95.0744)
BraTS2021_01300,tensor(69.6037)
BraTS2021_00217,tensor(92.8526)
BraTS2021_01002,tensor(88.5307)
BraTS2021_01101,tensor(98.0749)
BraTS2021_01205,tensor(79.4490)
BraTS2021_00740,tensor(96.7402)
BraTS2021_01508,tensor(83.1582)
BraTS2021_00583,tensor(94.3372)
BraTS2021_01501,tensor(93.1800)
BraTS2021_01588,tensor(94.7926)
BraTS2021_00777,tensor(98.6626)
BraTS2021_00792,tensor(91.7863)
BraTS2021_00638,tensor(89.8255)
BraTS2021_00584,tensor(85.3680)
BraTS2021_00698,tensor(97.0763)
BraTS2021_01509,tensor(89.7130)
BraTS2021_00104,tensor(90.1195)
BraTS2021_00155,tensor(91.8504)
BraTS2021_00249,tensor(98.4307)
BraTS2021_00012,tensor(94.1492)
BraTS2021_01344,tensor(62.5773)
BraTS2021_01033,tensor(97.3886)
BraTS2021_00131,tensor(89.9992)
BraTS2021_01057,tensor(95.8539)
BraTS2021_00121,tensor(78.5410)
BraTS2021_01120,tensor(97.2277)
BraTS2021_00024,tensor(91.4481)
BraTS2021_00254,tensor(93.8562)
BraTS2021_00540,tensor(61.2636)
BraTS2021_01395,tensor(63.3822)
BraTS2021_00228,tensor(84.9174)
BraTS2021_01254,tensor(96.5151)
BraTS2021_01662,tensor(98.1059)
BraTS2021_00723,tensor(95.9268)
BraTS2021_00797,tensor(93.3443)
BraTS2021_01183,tensor(95.7930)
BraTS2021_01099,tensor(90.5030)
BraTS2021_00650,tensor(96.7040)
BraTS2021_01171,tensor(95.3550)
BraTS2021_00235,tensor(98.6838)
BraTS2021_01146,tensor(81.6977)
BraTS2021_01167,tensor(88.5019)
BraTS2021_01023,tensor(96.4867)
BraTS2021_01250,tensor(95.9346)
BraTS2021_01597,tensor(93.6338)
BraTS2021_01268,tensor(93.9853)
BraTS2021_01479,tensor(83.7382)
BraTS2021_01378,tensor(98.0314)
BraTS2021_01035,tensor(41.3666)
BraTS2021_01046,tensor(93.3603)
BraTS2021_00445,tensor(97.0224)
BraTS2021_01299,tensor(95.8220)
BraTS2021_00472,tensor(96.4314)
BraTS2021_01461,tensor(90.8978)
BraTS2021_00569,tensor(96.8821)
BraTS2021_00293,tensor(77.3303)
BraTS2021_01308,tensor(53.1934)
BraTS2021_01229,tensor(88.5653)
BraTS2021_00138,tensor(91.4664)
BraTS2021_01126,tensor(98.3129)
BraTS2021_01489,tensor(92.3841)
BraTS2021_00375,tensor(88.2762)
BraTS2021_01294,tensor(96.9298)
BraTS2021_00661,tensor(97.6507)
BraTS2021_00064,tensor(92.0969)
BraTS2021_00100,tensor(94.6805)
BraTS2021_00310,tensor(92.9334)
BraTS2021_00694,tensor(89.0470)
BraTS2021_00117,tensor(85.8374)
BraTS2021_00425,tensor(65.4765)
BraTS2021_01454,tensor(80.1580)
BraTS2021_00328,tensor(83.6926)
BraTS2021_00620,tensor(98.3209)
BraTS2021_01428,tensor(89.2350)
BraTS2021_01450,tensor(84.7691)
BraTS2021_01596,tensor(92.3979)
BraTS2021_01345,tensor(96.3563)
BraTS2021_00549,tensor(70.6869)
BraTS2021_01096,tensor(89.6482)
BraTS2021_01037,tensor(95.2529)
BraTS2021_01209,tensor(87.8339)
BraTS2021_01280,tensor(97.4937)
BraTS2021_01108,tensor(80.9404)
BraTS2021_01010,tensor(96.9405)
BraTS2021_01614,tensor(95.1634)
BraTS2021_01224,tensor(93.6806)
BraTS2021_00304,tensor(94.1456)
BraTS2021_01320,tensor(97.7120)
BraTS2021_01621,tensor(98.6966)
BraTS2021_01381,tensor(95.7792)
BraTS2021_01327,tensor(87.4553)
BraTS2021_00329,tensor(94.3499)
BraTS2021_01062,tensor(98.1715)
BraTS2021_01133,tensor(93.3747)
BraTS2021_01350,tensor(62.2264)
BraTS2021_00788,tensor(74.4496)
BraTS2021_01112,tensor(94.3545)
BraTS2021_00021,tensor(75.7216)
BraTS2021_00207,tensor(94.5358)
BraTS2021_00063,tensor(91.1592)
BraTS2021_01627,tensor(97.9130)
BraTS2021_01072,tensor(96.8356)
BraTS2021_01372,tensor(89.4405)
BraTS2021_01331,tensor(81.2185)
BraTS2021_01647,tensor(85.4088)
BraTS2021_01253,tensor(89.3224)
BraTS2021_01506,tensor(87.0277)
BraTS2021_00999,tensor(94.1758)
BraTS2021_01538,tensor(95.1662)
BraTS2021_01524,tensor(96.1298)
BraTS2021_00413,tensor(96.7799)
BraTS2021_01652,tensor(98.9532)
BraTS2021_01380,tensor(65.7715)
BraTS2021_01005,tensor(95.2956)
BraTS2021_01526,tensor(93.2729)
BraTS2021_00275,tensor(81.0953)
BraTS2021_01184,tensor(82.7696)
BraTS2021_00563,tensor(98.1638)
BraTS2021_00558,tensor(97.3749)
BraTS2021_01306,tensor(75.0265)
BraTS2021_00683,tensor(96.0797)
BraTS2021_01416,tensor(89.4195)
BraTS2021_01374,tensor(97.4063)
BraTS2021_01089,tensor(97.7027)
BraTS2021_00604,tensor(93.7470)
BraTS2021_01610,tensor(60.8354)
BraTS2021_00220,tensor(95.2979)
BraTS2021_01075,tensor(58.6050)
BraTS2021_01233,tensor(89.6724)
BraTS2021_01487,tensor(81.8863)
BraTS2021_00523,tensor(88.1821)
BraTS2021_01515,tensor(94.5940)
BraTS2021_01063,tensor(92.7755)
BraTS2021_01462,tensor(92.6306)
BraTS2021_01322,tensor(88.5243)
BraTS2021_01383,tensor(96.0621)
BraTS2021_00451,tensor(95.7157)
BraTS2021_01581,tensor(97.7072)
BraTS2021_00559,tensor(92.9796)
BraTS2021_01129,tensor(98.8690)
BraTS2021_00810,tensor(94.1737)
BraTS2021_00787,tensor(93.0389)
BraTS2021_00271,tensor(87.2846)
BraTS2021_00032,tensor(94.0149)
BraTS2021_01618,tensor(97.2089)
BraTS2021_01015,tensor(97.4835)
BraTS2021_00567,tensor(93.3204)
BraTS2021_00687,tensor(97.7314)
BraTS2021_00431,tensor(83.5504)
BraTS2021_01606,tensor(81.5295)
BraTS2021_01276,tensor(83.6551)
BraTS2021_00551,tensor(93.0260)
BraTS2021_01314,tensor(88.6771)
BraTS2021_00274,tensor(92.9355)
BraTS2021_01222,tensor(68.0307)
BraTS2021_00544,tensor(96.6219)
BraTS2021_00136,tensor(72.8873)
